"明治ミルクチョコレート 50g | チョコレート | 株式会社 明治 - Meiji Co., Ltd.",砂糖、カカオマス、全粉乳、ココアバター／レシチン、香料、（一部に乳成分・大豆を含む）
"明治ブラックチョコレート 50g | チョコレート | 株式会社 明治 - Meiji Co., Ltd.",砂糖、カカオマス、植物油脂、全粉乳、ココアバター／レシチン、香料、（一部に乳成分・大豆を含む）
"明治ハイミルクチョコレート 50g | チョコレート | 株式会社 明治 - Meiji Co., Ltd.",砂糖、全粉乳、カカオマス、ココアバター、植物油脂、脱脂粉乳／レシチン、香料、（一部に乳成分・大豆を含む）
"明治ホワイトチョコレート 40g | チョコレート | 株式会社 明治 - Meiji Co., Ltd.",砂糖、全粉乳、ココアバター、植物油脂、脱脂粉乳／乳化剤、香料、（一部に乳成分・大豆を含む）
"明治ストロベリーチョコレート 46g | チョコレート | 株式会社 明治 - Meiji Co., Ltd.",砂糖、植物油脂、全粉乳、乳糖、カカオマス、ココアバター、クリーミングパウダー、いちごパウダー、脱脂粉乳、りんご果汁パウダー／トレハロース、乳化剤、香料、酸味料、紅麹色素、（一部に乳成分・大豆・りんごを含む）
"明治ミルクチョコレート BOX （26枚） | チョコレート | 株式会社 明治 - Meiji Co., Ltd.",砂糖、カカオマス、全粉乳、ココアバター／レシチン、香料、（一部に乳成分・大豆を含む）
"明治ブラックチョコレート BOX （26枚） | チョコレート | 株式会社 明治 - Meiji Co., Ltd.",砂糖、カカオマス、植物油脂、全粉乳、ココアバター／レシチン、香料、（一部に乳成分・大豆を含む）
"明治ハイミルクチョコレート BOX （26枚） | チョコレート | 株式会社 明治 - Meiji Co., Ltd.",砂糖、全粉乳、カカオマス、ココアバター、植物油脂、脱脂粉乳／レシチン、香料、（一部に乳成分・大豆を含む）
"明治ストロベリーチョコレート BOX （26枚） | チョコレート | 株式会社 明治 - Meiji Co., Ltd.",砂糖、植物油脂、全粉乳、乳糖、カカオマス、ココアバター、クリーミングパウダー、いちごパウダー、脱脂粉乳、りんご果汁パウダー／トレハロース、乳化剤、香料、酸味料、紅麹色素、（一部に乳成分・大豆・りんごを含む）
"明治抹茶チョコレート BOX （26枚） | チョコレート | 株式会社 明治 - Meiji Co., Ltd.",砂糖、植物油脂、全粉乳、乳糖、カカオマス、ココアバター、まっ茶、クリーミングパウダー、脱脂粉乳／トレハロース、乳化剤、香料、着色料（クチナシ、フラボノイド）、（一部に乳成分・大豆を含む）
"明治ミルクチョコレート CUBIE 42g | チョコレート | 株式会社 明治 - Meiji Co., Ltd.",砂糖、カカオマス、全粉乳、ココアバター、還元水あめ／乳化剤、光沢剤、香料、（一部に乳成分・大豆を含む）
"明治ブラックチョコレート CUBIE 42g | チョコレート | 株式会社 明治 - Meiji Co., Ltd.",砂糖、カカオマス、植物油脂、全粉乳、ココアバター、還元水あめ／乳化剤、光沢剤、香料、（一部に乳成分・大豆を含む）
"明治ハイミルクチョコレート CUBIE 42g | チョコレート | 株式会社 明治 - Meiji Co., Ltd.",砂糖、全粉乳、カカオマス、ココアバター、植物油脂、脱脂粉乳、還元水あめ／乳化剤、光沢剤、香料、（一部に乳成分・大豆を含む）
"明治ストロベリー CUBIE 28g | チョコレート | 株式会社 明治 - Meiji Co., Ltd.",砂糖、植物油脂、全粉乳、カカオマス、乳糖、ココアバター、いちごパウダー、練乳パウダー、クリーミングパウダー、脱脂粉乳、還元水あめ、りんご果汁パウダー／乳化剤、トレハロース、香料、光沢剤、酸化防止剤（V.C、V.E）、酸味料、紅麹色素、（一部に乳成分・大豆・りんごを含む）
"明治ミルクチョコレートスティックパック 10枚 | チョコレート | 株式会社 明治 - Meiji Co., Ltd.",砂糖、カカオマス、全粉乳、ココアバター／レシチン、香料、（一部に乳成分・大豆を含む）
"明治ブラックチョコレートスティックパック 10枚 | チョコレート | 株式会社 明治 - Meiji Co., Ltd.",砂糖、カカオマス、植物油脂、全粉乳、ココアバター／レシチン、香料、（一部に乳成分・大豆を含む）
"明治ストロベリーチョコレートスティックパック 10枚 | チョコレート | 株式会社 明治 - Meiji Co., Ltd.",砂糖、植物油脂、全粉乳、乳糖、カカオマス、ココアバター、クリーミングパウダー、いちごパウダー、脱脂粉乳、りんご果汁パウダー／トレハロース、乳化剤、香料、酸味料、紅麹色素、（一部に乳成分・大豆・りんごを含む）
"明治ミルクチョコレート袋 128g | チョコレート | 株式会社 明治 - Meiji Co., Ltd.",砂糖、カカオマス、全粉乳、ココアバター／レシチン、香料、（一部に乳成分・大豆を含む）
"明治ミルクチョコレートビッグパック 268g | チョコレート | 株式会社 明治 - Meiji Co., Ltd.",砂糖、カカオマス、全粉乳、ココアバター／レシチン、香料、（一部に乳成分・大豆を含む）
"明治ハイミルクチョコレートビッグパック 268g | チョコレート | 株式会社 明治 - Meiji Co., Ltd.",砂糖、全粉乳、カカオマス、ココアバター、植物油脂、脱脂粉乳／レシチン、香料、（一部に乳成分・大豆を含む）
"明治 ザ・チョコレートベネズエラカカオ70 50g | チョコレート | 株式会社 明治 - Meiji Co., Ltd.",カカオマス（国内製造）、砂糖、ココアバター／乳化剤、（一部に乳成分・大豆を含む）
"明治 ザ・チョコレートベネズエラカカオ55 50g | チョコレート | 株式会社 明治 - Meiji Co., Ltd.",カカオマス（国内製造）、砂糖、ココアバター、全粉乳、脱脂粉乳／乳化剤、（一部に乳成分・大豆を含む）
"明治 ザ・チョコレートブラジルカカオ70 50g | チョコレート | 株式会社 明治 - Meiji Co., Ltd.",カカオマス（国内製造）、砂糖、ココアバター／乳化剤、（一部に乳成分・大豆を含む）
"明治 ザ・チョコレートブラジルカカオ55 50g | チョコレート | 株式会社 明治 - Meiji Co., Ltd.",カカオマス（国内製造）、砂糖、ココアバター、全粉乳、脱脂粉乳／乳化剤、（一部に乳成分・大豆を含む）
"明治 ザ・チョコレートペルーカカオ70 50g | チョコレート | 株式会社 明治 - Meiji Co., Ltd.",カカオマス（国内製造）、砂糖、ココアバター／乳化剤、（一部に乳成分・大豆を含む）
"明治 ザ・チョコレートドミニカ共和国カカオ70 50g | チョコレート | 株式会社 明治 - Meiji Co., Ltd.",カカオマス（国内製造）、砂糖、ココアバター／乳化剤、（一部に乳成分・大豆を含む）
"アーモンドチョコレート 88g | チョコレート | 株式会社 明治 - Meiji Co., Ltd.",砂糖（外国製造）、アーモンド、全粉乳、カカオマス、植物油脂、ココアバター、乳糖、還元水あめ／レシチン、香料、光沢剤、（一部に乳成分・アーモンド・大豆を含む）
"アーモンドチョコレート大箱 173g | チョコレート | 株式会社 明治 - Meiji Co., Ltd.",砂糖、アーモンド、全粉乳、カカオマス、植物油脂、ココアバター、乳糖、還元水あめ／レシチン、香料、光沢剤、（一部に乳成分・大豆を含む）
"アーモンドチョコレートストロベリー 47g | チョコレート | 株式会社 明治 - Meiji Co., Ltd.",アーモンド、砂糖、ココアバター、乳糖、植物油脂、全粉乳、脱脂粉乳、いちごチップ、バター加工品、いちごパウダー、還元水あめ／乳化剤、酸味料、光沢剤、香料、着色料（紅麹、フラボノイド）、酸化防止剤（V.C、V.E）、（一部に乳成分・アーモンド・大豆を含む）
"アーモンドチョコレート抹茶 79g | チョコレート | 株式会社 明治 - Meiji Co., Ltd.",アーモンド、砂糖、植物油脂、乳糖、全粉乳、ココアバター、まっ茶、脱脂粉乳、還元水あめ／乳化剤、光沢剤、酸化防止剤（V.C、V.E、ローズマリー抽出物）、着色料（クチナシ、フラボノイド）、香料、（一部に乳成分・大豆を含む）
"アーモンドチョコレートビッグパック 184g | チョコレート | 株式会社 明治 - Meiji Co., Ltd.",砂糖、アーモンド、全粉乳、カカオマス、植物油脂、ココアバター、乳糖、還元水あめ／レシチン、香料、光沢剤、（一部に乳成分・大豆を含む）
"マカダミアチョコレート 9粒 | チョコレート | 株式会社 明治 - Meiji Co., Ltd.",砂糖、マカダミアナッツ、全粉乳、カカオマス、植物油脂、ココアバター、乳糖、クリーミングパウダー／乳化剤、香料、（一部に乳成分・大豆を含む）
"マカダミアチョコレート大箱 20粒 | チョコレート | 株式会社 明治 - Meiji Co., Ltd.",砂糖、マカダミアナッツ、全粉乳、カカオマス、植物油脂、ココアバター、乳糖、クリーミングパウダー／乳化剤、香料、（一部に乳成分・大豆を含む）
"ヘーゼルナッツチョコレート 52g | チョコレート | 株式会社 明治 - Meiji Co., Ltd.",カカオマス、ヘーゼルナッツ加工品、砂糖、ココアバター、ヘーゼルナッツペースト、植物油脂、還元水あめ／ソルビトール、乳化剤、光沢剤、香料、酸化防止剤（V.C、V.E）、（一部に乳成分・アーモンド・大豆を含む）
"きのこの山 74g | チョコレート | 株式会社 明治 - Meiji Co., Ltd.",砂糖、小麦粉、カカオマス、植物油脂、全粉乳、ココアバター、乳糖、ショートニング、練乳加工品、脱脂粉乳、クリーミングパウダー、異性化液糖、麦芽エキス、食塩、イースト／乳化剤、膨脹剤、香料、（一部に小麦・乳成分・大豆を含む）
"きのこの山いちご＆ショコラ 64g | チョコレート | 株式会社 明治 - Meiji Co., Ltd.",小麦粉(国内製造)、砂糖、ココアバター、乳糖、植物油脂、全粉乳、練乳加工品、カカオマス、ショートニング、いちごパウダー、脱脂粉乳、異性化液糖、麦芽エキス、食塩、イースト／乳化剤、膨脹剤、香料、酸味料、野菜色素、酸化防止剤（ローズマリー抽出物）、（一部に小麦・乳成分・大豆を含む）
"作ろうきのこの山 36g | チョコレート | 株式会社 明治 - Meiji Co., Ltd.",クラッカー（国内製造）（小麦粉、植物油脂、ショートニング、砂糖、練乳パウダー、異性化液糖、麦芽エキス、食塩、イースト）、ホワイトクリーム（砂糖、植物油脂、乳糖、全粉乳、脱脂粉乳、ココアバター）、（準）チョコレート（砂糖、植物油脂、全粉乳、カカオマス、脱脂粉乳、ココアパウダー）、ピンククリーム（砂糖、植物油脂、乳糖、全粉乳、脱脂粉乳、ココアバター、いちごパウダー）／乳化剤、膨脹剤、香料、酸味料、野菜色素、（一部に小麦・乳成分・大豆を含む）
"たけのこの里 70g | チョコレート | 株式会社 明治 - Meiji Co., Ltd.",砂糖、小麦粉、全粉乳、カカオマス、ショートニング、鶏卵、植物油脂、ココアバター、卵白、マーガリン、アーモンドペースト、乳糖、脱脂粉乳、食塩、クリーミングパウダー、麦芽エキス／乳化剤、膨脹剤、香料、（一部に小麦・卵・乳成分・大豆を含む）
"たけのこの里いちご＆ショコラ 61g | チョコレート | 株式会社 明治 - Meiji Co., Ltd.",砂糖(外国製造、国内製造)、小麦粉、ココアバター、乳糖、ショートニング、鶏卵、植物油脂、全粉乳、カカオマス、卵白、マーガリン、練乳加工品、アーモンドペースト、いちごパウダー、脱脂粉乳、食塩、麦芽エキス、クリーミングパウダー／乳化剤、膨脹剤、香料、酸味料、野菜色素、酸化防止剤（ローズマリー抽出物）、（一部に小麦・卵・乳成分・アーモンド・大豆を含む）
"たけのこの里ブルーベリー＆ショコラ 61g | チョコレート | 株式会社 明治 - Meiji Co., Ltd.",砂糖（外国製造、国内製造）、小麦粉、ココアバター、乳糖、ショートニング、鶏卵、植物油脂、全粉乳、カカオマス、卵白、マーガリン、練乳パウダー、アーモンドペースト、ブルーベリーパウダー、食塩、脱脂粉乳、いちごパウダー、麦芽エキス／乳化剤、酸味料、膨脹剤、着色料（クチナシ、ビートレッド）、香料、酸化防止剤（V.C、V.E）、（一部に小麦・卵・乳成分・アーモンド・大豆を含む）
"たけのこの里 8袋 | チョコレート | 株式会社 明治 - Meiji Co., Ltd.",砂糖（外国製造、国内製造）、小麦粉、全粉乳、カカオマス、ショートニング、鶏卵、植物油脂、ココアバター、卵白、マーガリン、アーモンドペースト、乳糖、脱脂粉乳、食塩、クリーミングパウダー、麦芽エキス／乳化剤、膨脹剤、香料、（一部に小麦・卵・乳成分・アーモンド・大豆を含む）
"チョコレート効果 カカオ72％ 75g | チョコレート | 株式会社 明治 - Meiji Co., Ltd.",カカオマス、砂糖、ココアパウダー、ココアバター／乳化剤、香料、（一部に乳成分・大豆を含む）
"チョコレート効果 カカオ86％ 70g | チョコレート | 株式会社 明治 - Meiji Co., Ltd.",カカオマス、ココアパウダー、砂糖、ココアバター／乳化剤、香料、（一部に乳成分・大豆を含む）
"チョコレート効果 カカオ95％ 60g | チョコレート | 株式会社 明治 - Meiji Co., Ltd.",カカオマス、ココアパウダー、砂糖、ココアバター／乳化剤、香料、（一部に乳成分・大豆を含む）
"チョコレート効果 カカオ72％素焼きアーモンド 81g | チョコレート | 株式会社 明治 - Meiji Co., Ltd.",カカオマス、アーモンド、砂糖、ココアパウダー、ココアバター、植物油脂、還元水あめ／乳化剤、香料、光沢剤、（一部に乳成分・アーモンド・大豆を含む）
"チョコレート効果 カカオ72％コク深マカダミア 9粒 | チョコレート | 株式会社 明治 - Meiji Co., Ltd.",カカオマス、砂糖、マカダミアナッツ、ココアパウダー、ココアバター、植物油脂／乳化剤、香料、（一部に乳成分・大豆を含む）
"チョコレート効果 カカオ72％26枚入り 130g | チョコレート | 株式会社 明治 - Meiji Co., Ltd.",カカオマス、砂糖、ココアパウダー、ココアバター／乳化剤、香料、（一部に乳成分・大豆を含む）
"チョコレート効果 カカオ86％26枚入り 130g | チョコレート | 株式会社 明治 - Meiji Co., Ltd.",カカオマス、ココアパウダー、砂糖、ココアバター／乳化剤、香料、（一部に乳成分・大豆を含む）
"チョコレート効果 カカオ72％パウチ 40g | チョコレート | 株式会社 明治 - Meiji Co., Ltd.",カカオマス、砂糖、ココアパウダー、ココアバター、還元水あめ／乳化剤、光沢剤、香料、（一部に乳成分・大豆を含む）
"チョコレート効果 カカオ86％パウチ 37g | チョコレート | 株式会社 明治 - Meiji Co., Ltd.",カカオマス、ココアパウダー、砂糖、ココアバター、還元水あめ／乳化剤、光沢剤、香料、（一部に乳成分・大豆を含む）
"チョコレート効果 カカオ72％大袋 225g | チョコレート | 株式会社 明治 - Meiji Co., Ltd.",カカオマス、砂糖、ココアパウダー、ココアバター／乳化剤、香料、（一部に乳成分・大豆を含む）
"チョコレート効果 カカオ86％大袋 210g | チョコレート | 株式会社 明治 - Meiji Co., Ltd.",カカオマス、ココアパウダー、砂糖、ココアバター／乳化剤、香料、（一部に乳成分・大豆を含む）
"チョコレート効果 カカオ72％小袋 35g | チョコレート | 株式会社 明治 - Meiji Co., Ltd.",カカオマス、砂糖、ココアパウダー、ココアバター／乳化剤、香料、（一部に乳成分・大豆を含む）
"チョコレート効果 カカオ86％小袋 30g | チョコレート | 株式会社 明治 - Meiji Co., Ltd.",カカオマス、ココアパウダー、砂糖、ココアバター／乳化剤、香料、（一部に乳成分・大豆を含む）
"オリゴスマートミルクチョコレート 65g | チョコレート | 株式会社 明治 - Meiji Co., Ltd.",カカオマス、全粉乳、フラクトオリゴ糖、砂糖、植物油脂、ココアバター／乳化剤、香料、（一部に乳成分・大豆を含む）
"オリゴスマートミルクチョコレートパウチ 32g | チョコレート | 株式会社 明治 - Meiji Co., Ltd.",カカオマス、全粉乳、フラクトオリゴ糖、砂糖、植物油脂、ココアバター、還元水あめ／乳化剤、香料、光沢剤、（一部に乳成分・大豆を含む）
"オリゴスマートミルクチョコレート大袋 195g | チョコレート | 株式会社 明治 - Meiji Co., Ltd.",カカオマス、全粉乳、フラクトオリゴ糖、砂糖、植物油脂、ココアバター／乳化剤、香料、（一部に乳成分・大豆を含む）
"オリゴスマートマイルドビターチョコレート 65g | チョコレート | 株式会社 明治 - Meiji Co., Ltd.",カカオマス、フラクトオリゴ糖、砂糖、植物油脂、ココアバター、全粉乳、ココアパウダー／乳化剤、香料、（一部に乳成分・大豆を含む）
"オリゴスマートマイルドビターチョコレートパウチ 32g | チョコレート | 株式会社 明治 - Meiji Co., Ltd.",カカオマス、フラクトオリゴ糖、砂糖、植物油脂、ココアバター、全粉乳、ココアパウダー、還元水あめ／乳化剤、光沢剤、香料、（一部に乳成分・大豆を含む）
"オリゴスマートリッチミルクチョコレート 65g | チョコレート | 株式会社 明治 - Meiji Co., Ltd.",全粉乳、カカオマス、フラクトオリゴ糖、砂糖、植物油脂、ココアバター、脱脂粉乳、クリーミングパウダー／乳化剤、香料、（一部に乳成分・大豆を含む）
"オリゴスマートミルクチョコレートSUPER 50g | チョコレート | 株式会社 明治 - Meiji Co., Ltd.",カカオマス、フラクトオリゴ糖、植物油脂、全粉乳、脱脂粉乳、バター加工品／乳化剤、香料、甘味料（ラカンカ）、（一部に乳成分・大豆を含む）
"明治TANPACTミルクチョコレート 44g | チョコレート | 株式会社 明治 - Meiji Co., Ltd.",砂糖、カカオマス、全粉乳、植物油脂、ココアバター、乳たんぱく質、脱脂粉乳、還元水あめ／乳化剤、光沢剤、香料、（一部に乳成分・大豆を含む）
"明治TANPACTミルクチョコレートビスケットIN 45g | チョコレート | 株式会社 明治 - Meiji Co., Ltd.",砂糖、乳たんぱく質、カカオマス、全粉乳、植物油脂、小麦粉、ココアバター、ショートニング、脱脂粉乳、小麦全粒粉、難消化性デキストリン、バター加工品、還元水あめ／乳化剤、ソルビトール、セルロース、香料、膨脹剤、光沢剤、（一部に小麦・乳成分・大豆を含む）
"ガルボチョコポケットパック 42g | チョコレート | 株式会社 明治 - Meiji Co., Ltd.",砂糖（外国製造、国内製造）、カカオマス、植物油脂、全粉乳、ココアバター、鶏卵、小麦粉、植物油脂加工食品、脱脂粉乳、練乳加工品、ココアパウダー、還元水あめ／加工デンプン、乳化剤、光沢剤、香料、セルロース、膨脹剤、（一部に小麦・卵・乳成分・大豆を含む）
"ガルボチョコパウチ 68g | チョコレート | 株式会社 明治 - Meiji Co., Ltd.",砂糖（外国製造、国内製造）、カカオマス、植物油脂、全粉乳、ココアバター、鶏卵、小麦粉、植物油脂加工食品、脱脂粉乳、練乳加工品、ココアパウダー、還元水あめ／加工デンプン、乳化剤、光沢剤、香料、セルロース、膨脹剤、（一部に小麦・卵・乳成分・大豆を含む）
"ガルボつぶ練り苺ポケットパック 42g | チョコレート | 株式会社 明治 - Meiji Co., Ltd.",砂糖（外国製造、国内製造）、植物油脂、全粉乳、カカオマス、ココアバター、鶏卵、乳糖、小麦粉、脱脂粉乳、植物油脂加工食品、練乳加工品、ココアパウダー、いちごパウダー、還元水あめ、いちごチップ、りんごパウダー／加工デンプン、乳化剤、トレハロース、光沢剤、香料、酸化防止剤（V.E、V.C、チャ抽出物）、酸味料、着色料（フラボノイド、紅麹）、セルロース、膨脹剤、（一部に小麦・卵・乳成分・大豆・りんごを含む）
"ガルボつぶ練り苺パウチ 69g | チョコレート | 株式会社 明治 - Meiji Co., Ltd.",砂糖（外国製造、国内製造）、植物油脂、全粉乳、カカオマス、ココアバター、鶏卵、乳糖、小麦粉、植物油脂加工食品、脱脂粉乳、練乳加工品、ココアパウダー、いちごパウダー、還元水あめ、いちごチップ、りんごパウダー／加工デンプン、乳化剤、トレハロース、光沢剤、香料、酸化防止剤（V.E、V.C、チャ抽出物）、酸味料、着色料（フラボノイド、紅麹）、セルロース、膨脹剤、（一部に小麦・卵・乳成分・大豆・りんごを含む）
"ガルボほろにがブラックポケットパック 44g | チョコレート | 株式会社 明治 - Meiji Co., Ltd.",砂糖（外国製造、国内製造）、カカオマス、植物油脂、全粉乳、乳糖、鶏卵、ココアバター、小麦粉、ココアパウダー、植物油脂加工食品、脱脂粉乳、練乳加工品、還元水あめ／加工デンプン、乳化剤、光沢剤、香料、セルロース、膨脹剤、（一部に小麦・卵・乳成分・大豆を含む）
"ガルボほろにがブラックパウチ 66g | チョコレート | 株式会社 明治 - Meiji Co., Ltd.",砂糖（外国製造、国内製造）、カカオマス、植物油脂、全粉乳、乳糖、鶏卵、ココアバター、小麦粉、ココアパウダー、植物油脂加工食品、脱脂粉乳、練乳加工品、還元水あめ／加工デンプン、乳化剤、光沢剤、香料、セルロース、膨脹剤、（一部に小麦・卵・乳成分・大豆を含む）
"ガルボ香りとコクのホワイトポケットパック 38g | チョコレート | 株式会社 明治 - Meiji Co., Ltd.",砂糖（外国製造、国内製造）、植物油脂、ココアバター、全粉乳、乳糖、小麦粉、鶏卵、脱脂粉乳、クリーミングパウダー、植物油脂加工食品、卵黄、還元水あめ、食塩、ココアパウダー／加工デンプン、乳化剤、セルロース、光沢剤、酸化防止剤（V.C、V.E）、香料、膨脹剤、（一部に小麦・卵・乳成分・大豆を含む）
"ガルボ香るアーモンド＆カカオポケットパック 38g | チョコレート | 株式会社 明治 - Meiji Co., Ltd.",砂糖（外国製造、国内製造）、カカオマス、植物油脂、ココアバター、全粉乳、鶏卵、小麦粉、植物油脂加工食品、脱脂粉乳、練乳パウダー、難消化性デキストリン、ココアパウダー、アーモンドペースト、還元水あめ／加工デンプン、乳化剤、光沢剤、香料、セルロース、膨脹剤、（一部に小麦・卵・乳成分・アーモンド・ごま・大豆を含む）
"フランオリジナルショコラ 9本 | チョコレート | 株式会社 明治 - Meiji Co., Ltd.",小麦粉（国内製造）、砂糖、カカオマス、全粉乳、植物油脂、ココアバター、ココアパウダー、乳糖、ショートニング、練乳パウダー、脱脂粉乳、アーモンドペースト、クリーミングパウダー、カカオニブ、麦芽エキス、異性化液糖、バター加工品、食塩／乳化剤、膨脹剤、香料、酸化防止剤（V.C、V.E）、（一部に小麦・乳成分・アーモンド・大豆を含む）
"フランダブルショコラ 9本 | チョコレート | 株式会社 明治 - Meiji Co., Ltd.",カカオマス（国内製造、外国製造）、小麦粉、砂糖、全粉乳、植物油脂、ココアバター、ココアパウダー、ショートニング、乳糖、練乳パウダー、カカオニブ、アーモンドペースト、脱脂粉乳、クリーミングパウダー、麦芽エキス、異性化液糖、食塩、バター加工品／乳化剤、膨脹剤、香料、酸化防止剤（V.C、V.E）、（一部に小麦・乳成分・アーモンド・大豆を含む）
"ホルンミルクショコラ 8本 | チョコレート | 株式会社 明治 - Meiji Co., Ltd.",砂糖（外国製造、国内製造）、カカオマス、植物油脂、全粉乳、小麦粉、加糖卵白、ショートニング、ラクチトール、ココアバター、脱脂粉乳、乳糖、ココアパウダー、発酵バター、加糖卵黄、デキストリン、食塩／乳化剤、カラメル色素、香料、（一部に小麦・卵・乳成分・大豆を含む）
"ホルン薫る抹茶 8本 | チョコレート | 株式会社 明治 - Meiji Co., Ltd.",砂糖（外国製造、国内製造）、ココアバター、小麦粉、加糖卵白、植物油脂、乳糖、ショートニング、全粉乳、ラクチトール、まっ茶、脱脂粉乳、カカオマス、加糖卵黄、食塩／乳化剤、着色料（クチナシ、カラメル、フラボノイド）、酸化防止剤（V.C、V.E、ローズマリー抽出物）、香料、（一部に小麦・卵・乳成分・大豆を含む）
"ホルンアールグレイの香りひろがるミルクティー 8本 | チョコレート | 株式会社 明治 - Meiji Co., Ltd.",砂糖（外国製造、国内製造）、ココアバター、小麦粉、加糖卵白、植物油脂、乳糖、全粉乳、ショートニング、ラクチトール、脱脂粉乳、カカオマス、紅茶、加糖卵黄、発酵バター、デキストリン、食塩／乳化剤、カラメル色素、酸化防止剤（V.C、V.E）、香料、（一部に小麦・卵・乳成分・大豆を含む）
"プッカチョコレート 43g | チョコレート | 株式会社 明治 - Meiji Co., Ltd.",小麦粉、砂糖、カカオマス、植物油脂、全粉乳、ココアバター、ライ麦粉、ショートニング、脱脂粉乳、麦芽エキス、バター風味調味料、練乳加工品、カラメルソース、食塩／乳化剤、膨脹剤、香料、カラメル色素、（一部に小麦・乳成分・大豆を含む）
"プッカいちご 39g | チョコレート | 株式会社 明治 - Meiji Co., Ltd.",小麦粉、砂糖、植物油脂、全粉乳、ココアバター、ライ麦粉、ショートニング、脱脂粉乳、麦芽エキス、いちごパウダー、バター風味調味料、練乳加工品、カラメルソース、食塩／乳化剤、膨脹剤、香料、着色料（ビートレッド、カラメル）、酸味料、（一部に小麦・乳成分・大豆を含む）
"アグロフォレストリーミルクチョコレート 45g | チョコレート | 株式会社 明治 - Meiji Co., Ltd.",砂糖（国内製造）、全粉乳、カカオマス、ココアバター、脱脂粉乳／乳化剤、香料、（一部に乳成分・大豆を含む）
"オランジェットパウチ 49g | チョコレート | 株式会社 明治 - Meiji Co., Ltd.",砂糖、カカオマス、蜜漬けオレンジピール、全粉乳、植物油脂、ココアバター、乳糖、水あめ、還元水あめ／香料、乳化剤、酸味料、増粘剤（アラビアガム）、光沢剤、酸化防止剤（ローズマリー抽出物）、（一部に乳成分・オレンジ・大豆を含む）
"アポロ 46g | チョコレート | 株式会社 明治 - Meiji Co., Ltd.",砂糖、植物油脂、カカオマス、乳糖、全粉乳、脱脂粉乳、ココアバター、いちごパウダー／乳化剤、着色料（ビートレッド、フラボノイド）、香料、（一部に乳成分・大豆を含む）
"アポロジャンボ 82g | チョコレート | 株式会社 明治 - Meiji Co., Ltd.",砂糖、植物油脂、カカオマス、乳糖、全粉乳、脱脂粉乳、ココアバター、いちごパウダー／乳化剤、着色料（ビートレッド、フラボノイド）、香料、（一部に乳成分・大豆を含む）
"手づくりアポロ 30g | チョコレート | 株式会社 明治 - Meiji Co., Ltd.",ホワイトクリーム（国内製造）（砂糖、植物油脂、乳糖、全粉乳、脱脂粉乳、ココアバター）、（準）チョコレート（砂糖、植物油脂、全粉乳、カカオマス、脱脂粉乳、ココアパウダー）、ピンククリーム（砂糖、植物油脂、乳糖、全粉乳、脱脂粉乳、ココアバター、いちごパウダー）、カラフルミンツ（砂糖、でん粉）／乳化剤、着色料（ビートレッド、フラボノイド、クチナシ、カロチノイド）、酸味料、香料、増粘多糖類、（一部に乳成分・大豆を含む）
"アポロ袋 12袋 | チョコレート | 株式会社 明治 - Meiji Co., Ltd.",砂糖（外国製造、国内製造）、植物油脂、カカオマス、乳糖、全粉乳、脱脂粉乳、ココアバター、いちごパウダー／乳化剤、着色料（ビートレッド、フラボノイド）、香料、（一部に乳成分・大豆を含む）
"アポロマイスタイル 41g | チョコレート | 株式会社 明治 - Meiji Co., Ltd.",植物油脂、砂糖、カカオマス、マルチトール、全粉乳、乳糖、いちごパウダー、クリーミングパウダー、ココアバター、脱脂粉乳／乳化剤、光沢剤、香料、着色料（ビートレッド、フラボノイド）、酸味料、酸化防止剤（ローズマリー抽出物）、（一部に乳成分・大豆を含む）
"マーブル 32g | チョコレート | 株式会社 明治 - Meiji Co., Ltd.",砂糖、カカオマス、全粉乳、ココアバター、植物油脂、でん粉、水あめ、ゼラチン／卵殻カルシウム、乳化剤、増粘剤（アラビアガム）、着色料（フラボノイド、クチナシ、カロチノイド、ビートレッド、スピルリナ青、イカ墨）、香料、光沢剤、セルロース、（一部に卵・乳成分・いか・大豆・ゼラチンを含む）
"マーブルジャンボ 110g | チョコレート | 株式会社 明治 - Meiji Co., Ltd.",砂糖、カカオマス、全粉乳、ココアバター、植物油脂、でん粉、水あめ、ゼラチン／卵殻カルシウム、乳化剤、増粘剤（アラビアガム）、着色料（フラボノイド、クチナシ、カロチノイド、ビートレッド、スピルリナ青、イカ墨）、香料、光沢剤、セルロース、（一部に卵・乳成分・いか・大豆・ゼラチンを含む）
"チョコベビー 32g | チョコレート | 株式会社 明治 - Meiji Co., Ltd.",砂糖、カカオマス、全粉乳、ココアバター、植物油脂／乳化剤、香料、光沢剤、（一部に乳成分・大豆を含む）
"チョコベビージャンボ 102g | チョコレート | 株式会社 明治 - Meiji Co., Ltd.",砂糖、カカオマス、全粉乳、ココアバター、植物油脂／乳化剤、香料、光沢剤、（一部に乳成分・大豆を含む）
"コーヒービート 32g | チョコレート | 株式会社 明治 - Meiji Co., Ltd.",砂糖、全粉乳、ココアバター、乳糖、カカオマス、クリーミングパウダー、植物油脂、コーヒー、でん粉、水あめ、ゼラチン／乳化剤、タマリンド色素、増粘剤（アラビアガム）、香料、光沢剤、卵殻カルシウム、（一部に卵・乳成分・大豆・ゼラチンを含む）
"コーヒービートジャンボ 105g | チョコレート | 株式会社 明治 - Meiji Co., Ltd.",砂糖、全粉乳、ココアバター、乳糖、カカオマス、クリーミングパウダー、植物油脂、コーヒー、でん粉、水あめ、ゼラチン／乳化剤、タマリンド色素、増粘剤（アラビアガム）、香料、光沢剤、卵殻カルシウム、（一部に卵・乳成分・大豆・ゼラチンを含む）
"バナナチョコ 37g | チョコレート | 株式会社 明治 - Meiji Co., Ltd.",砂糖、カカオマス、全粉乳、でん粉、ココアバター、植物油脂、バナナパウダー、水あめ、ゼラチン／乳化剤、卵殻カルシウム、増粘剤（アラビアガム）、香料、光沢剤、クチナシ色素、（一部に卵・乳成分・大豆・バナナ・ゼラチンを含む）
"リッチストロベリーチョコサンド 6枚 | チョコレート | 株式会社 明治 - Meiji Co., Ltd.",小麦粉、砂糖、ショートニング、ココアバター、全粉乳、植物油脂、いちごパウダー、ココアパウダー、りんごパウダー、食塩／膨脹剤、乳化剤、香料、酸味料、紅花色素、酸化防止剤（ローズマリー抽出物）、（一部に小麦・乳成分・大豆・りんごを含む）
"リッチ抹茶チョコサンド 6枚 | チョコレート | 株式会社 明治 - Meiji Co., Ltd.",小麦粉、砂糖、ショートニング、ココアバター、全粉乳、植物油脂、まっ茶、ココアパウダー、食塩／膨脹剤、乳化剤、香料、着色料（クチナシ、フラボノイド）、酸化防止剤（ローズマリー抽出物）、（一部に小麦・乳成分・大豆を含む）
"リッチキャラメルチョコサンド 6枚 | チョコレート | 株式会社 明治 - Meiji Co., Ltd.",小麦粉、砂糖、ショートニング、ココアバター、全粉乳、キャラメルパウダー、植物油脂、ココアパウダー、キャラメルペースト、ヘーゼルナッツペースト、カカオマス、食塩／乳化剤、膨脹剤、カラメル色素、トレハロース、香料、（一部に小麦・乳成分・大豆を含む）
